{"roc_auc_score": 0.9288793103448276, "f1_score": 0.8571428571428571, "accuracy": 0.8524590163934426}